,City,Lat,Lng,Max Temp,Humidty,Cloudiness,Wind Speed,Country,Date
0,paramirim,-13.4425,-42.2389,295.35,70,64,2.55,BR,1614643467
1,port alfred,-33.5906,26.891,294.72,87,56,3.55,ZA,1614643467
2,punta arenas,-53.15,-70.9167,282.15,57,0,4.63,CL,1614643393
3,nizhniy odes,63.6445,54.856,265.2,97,100,3.95,RU,1614643468
4,jamestown,42.097,-79.2353,268.71,91,75,9.24,US,1614643433
5,georgetown,5.4112,100.3354,299.82,88,20,1.62,MY,1614643254
6,barcelona,41.3888,2.159,286.48,82,75,6.69,ES,1614643330
7,birao,10.2849,22.7882,296.76,19,0,4.74,CF,1614643469
8,pa sang,18.5262,98.9394,293.15,72,0,0.52,TH,1614643469
9,chauk,20.8833,94.8167,293.27,59,0,1.1,MM,1614643469
10,hermanus,-34.4187,19.2345,291.48,84,23,4.2,ZA,1614643469
11,qaanaaq,77.484,-69.3632,246.19,75,96,1.09,GL,1614643470
12,shitanjing,39.2342,106.3439,271.19,70,0,0.16,CN,1614643271
13,busselton,-33.65,115.3333,292.59,83,92,0.89,AU,1614643470
14,mataura,-46.1927,168.8643,295.93,72,45,0.89,NZ,1614643470
15,sisimiut,66.9395,-53.6735,259.17,81,100,9.23,GL,1614643471
16,rikitea,-23.1203,-134.9692,299.01,61,40,2.3,PF,1614643471
17,puerto ayora,-0.7393,-90.3518,299.82,90,56,2.24,EC,1614643471
18,albany,42.6001,-73.9662,272.59,60,37,0.89,US,1614643332
19,thompson,55.7435,-97.8558,256.15,78,90,2.06,CA,1614643472
20,kebumen,-7.6687,109.6519,299.54,80,82,1.21,ID,1614643472
21,aswan,24.0934,32.907,287.37,39,0,4.67,EG,1614643472
22,inza,53.8533,46.3586,266.94,97,99,6.48,RU,1614643473
23,provideniya,64.3833,-173.3,253.15,77,90,13.0,RU,1614643473
24,arraial do cabo,-22.9661,-42.0278,298.15,83,0,6.17,BR,1614643206
25,acarau,-2.8856,-40.12,299.14,80,99,5.44,BR,1614643196
26,kapaa,22.0752,-159.319,297.15,64,20,9.77,US,1614643474
27,otuzco,-7.9,-78.5833,283.19,98,92,1.43,PE,1614643474
28,mandera,3.9366,41.867,297.62,61,32,5.94,KE,1614643475
29,port elizabeth,-33.918,25.5701,292.15,94,20,7.72,ZA,1614643475
30,kutum,14.2,24.6667,286.38,32,15,3.84,SD,1614643475
31,ancud,-41.8697,-73.8203,288.71,94,90,2.06,CL,1614643279
32,new norfolk,-42.7826,147.0587,287.59,59,65,0.89,AU,1614643476
33,ushuaia,-54.8,-68.3,283.15,46,20,4.12,AR,1614643192
34,bambous virieux,-20.3428,57.7575,299.15,78,40,3.09,MU,1614643476
35,coquimbo,-29.9533,-71.3436,289.15,82,0,3.6,CL,1614643477
36,kaitangata,-46.2817,169.8464,293.15,83,34,2.51,NZ,1614643477
37,loiza,18.4313,-65.8802,298.15,64,40,6.69,PR,1614643477
38,hailar,49.2,119.7,250.91,95,71,3.34,CN,1614643208
39,hobart,-42.8794,147.3294,288.15,58,75,6.69,AU,1614643334
40,hilo,19.7297,-155.09,300.15,54,75,6.17,US,1614643478
41,taltal,-25.4,-70.4833,292.1,87,25,2.17,CL,1614643267
42,puerto del rosario,28.5004,-13.8627,290.15,72,0,3.6,ES,1614643478
43,tonantins,-2.8731,-67.8022,296.69,97,49,0.7,BR,1614643479
44,east london,-33.0153,27.9116,295.36,77,0,9.11,ZA,1614643479
45,vaini,-21.2,-175.2,300.15,78,75,9.77,TO,1614643479
46,carnarvon,-24.8667,113.6333,296.15,88,40,3.6,AU,1614643480
47,narrabri,-30.3167,149.7833,301.48,44,0,3.6,AU,1614643480
48,soyo,-6.1349,12.3689,299.43,85,100,2.73,AO,1614643480
49,khuzdar,27.7384,66.6434,283.43,35,0,0.58,PK,1614643480
50,tasiilaq,65.6145,-37.6368,263.15,57,2,1.54,GL,1614643480
51,willowmore,-33.2926,23.4895,294.95,65,94,3.32,ZA,1614643481
52,dikson,73.5069,80.5464,244.48,86,18,6.42,RU,1614643481
53,reconquista,-29.15,-59.65,300.45,33,15,3.01,AR,1614643386
54,dukat,62.55,155.55,242.05,82,100,1.37,RU,1614643481
55,volgodonsk,47.5136,42.1514,272.0,96,44,1.66,RU,1614643482
56,saskylakh,71.9167,114.0833,233.81,100,99,1.21,RU,1614643482
57,saint-philippe,-21.3585,55.7679,297.15,57,0,3.6,RE,1614643482
58,makakilo city,21.3469,-158.0858,300.15,44,1,6.69,US,1614643483
59,bethel,41.3712,-73.414,277.15,41,1,5.14,US,1614643263
60,slave lake,55.2834,-114.769,274.15,93,90,1.54,CA,1614643483
61,san patricio,28.017,-97.5169,286.15,94,90,8.23,US,1614643483
62,kruisfontein,-34.0033,24.7314,293.71,93,100,1.34,ZA,1614643484
63,zhanaozen,43.3,52.8,272.5,95,2,1.85,KZ,1614643484
64,aranos,-24.1333,19.1167,294.26,52,0,7.08,NA,1614643485
65,faanui,-16.4833,-151.75,301.65,68,100,2.29,PF,1614643485
66,sitka,57.0531,-135.33,275.15,87,90,5.66,US,1614643288
67,norman wells,65.282,-126.8329,248.15,64,75,7.2,CA,1614643485
68,labuhan,-6.8844,112.2051,299.29,85,86,1.68,ID,1614643486
69,lima,-12.0432,-77.0282,299.15,65,40,3.09,PE,1614643304
70,mayor pablo lagerenza,-19.9309,-60.7718,301.99,43,32,1.44,PY,1614643486
71,henties bay,-22.116,14.2845,293.15,89,0,2.68,NA,1614643486
72,severo-kurilsk,50.6789,156.125,268.51,87,99,7.17,RU,1614643487
73,plettenberg bay,-34.0527,23.3716,295.33,79,99,5.56,ZA,1614643487
74,solwezi,-12.1688,26.3894,290.52,99,100,2.09,ZM,1614643266
75,port hedland,-20.3167,118.5667,301.15,78,40,1.54,AU,1614643267
76,port lincoln,-34.7333,135.8667,289.49,72,100,9.3,AU,1614643488
77,san rafael,-34.6177,-68.3301,303.12,32,11,5.71,AR,1614643377
78,butaritari,3.0707,172.7902,300.24,80,99,7.3,KI,1614643488
79,clyde river,70.4692,-68.5914,247.15,70,75,5.66,CA,1614643489
80,chuy,-33.6971,-53.4616,295.5,88,68,5.71,UY,1614643489
81,atuona,-9.8,-139.0333,299.83,72,10,5.23,PF,1614643489
82,songkhla,6.8333,100.6667,297.15,100,20,0.69,TH,1614643490
83,hithadhoo,-0.6,73.0833,300.78,70,87,4.19,MV,1614643490
84,cherskiy,68.75,161.3,240.25,84,10,2.77,RU,1614643490
85,qui nhon,13.7667,109.2333,296.74,88,51,1.9,VN,1614643259
86,jumla,29.2747,82.1838,274.87,53,0,2.06,NP,1614643385
87,rexburg,43.826,-111.7897,273.15,55,1,2.57,US,1614643317
88,huilong,31.8111,121.655,277.59,91,87,6.75,CN,1614643491
89,patiya,22.2931,91.9762,290.75,89,3,1.19,BD,1614643491
90,vila do maio,15.1333,-23.2167,292.15,72,20,7.72,CV,1614643492
91,merauke,-8.4667,140.3333,302.28,74,98,7.03,ID,1614643492
92,bredasdorp,-34.5322,20.0403,292.15,88,23,2.57,ZA,1614643492
93,rawson,-43.3002,-65.1023,289.67,78,97,12.1,AR,1614643363
94,broome,42.2506,-75.833,271.48,68,90,9.77,US,1614643493
95,bluff,-46.6,168.3333,295.93,72,70,0.89,NZ,1614643493
96,shimoda,34.6667,138.95,290.15,94,75,9.26,JP,1614643493
97,vardo,70.3705,31.1107,270.15,93,90,10.29,NO,1614643494
98,artesia,33.8658,-118.0831,295.37,6,1,3.6,US,1614643494
99,ilulissat,69.2167,-51.1,259.15,51,95,9.77,GL,1614643494
100,llangefni,53.2556,-4.3106,278.15,93,0,1.54,GB,1614643494
101,avarua,-21.2078,-159.775,302.15,74,96,4.12,CK,1614643495
102,sinnamary,5.3833,-52.95,297.53,88,73,2.98,GF,1614643495
103,pueblo,38.2545,-104.6091,283.71,17,1,3.09,US,1614643439
104,kununurra,-15.7667,128.7333,303.15,56,27,0.51,AU,1614643495
105,adrar,20.5022,-10.0711,290.33,26,0,4.96,MR,1614643495
106,erzincan,39.75,39.5,273.15,55,75,1.03,TR,1614643214
107,talnakh,69.4865,88.3972,237.84,77,5,3.71,RU,1614643496
108,privodino,61.0781,46.5044,273.65,96,100,3.46,RU,1614643496
109,namatanai,-3.6667,152.4333,301.59,76,92,3.21,PG,1614643497
110,wakkanai,45.4094,141.6739,267.15,93,90,7.72,JP,1614643366
111,praia da vitoria,38.7333,-27.0667,286.48,71,40,5.21,PT,1614643408
112,kanigoro,-8.13,112.219,297.91,84,57,2.19,ID,1614643497
113,prince rupert,54.3161,-130.3201,278.15,70,90,4.12,CA,1614643205
114,kampot,10.6167,104.1833,299.15,89,40,3.09,KH,1614643498
115,souillac,-20.5167,57.5167,299.15,78,40,3.09,MU,1614643498
116,bilibino,68.0546,166.4372,248.02,83,2,0.39,RU,1614643498
117,margate,51.3813,1.3862,278.71,95,0,4.54,GB,1614643256
118,chulman,56.8479,124.9104,239.4,93,45,1.09,RU,1614643499
119,maniitsoq,65.4167,-52.9,259.58,81,26,6.9,GL,1614643499
120,rio gallegos,-51.6226,-69.2181,285.15,32,20,2.57,AR,1614643280
121,hamilton,39.1834,-84.5333,278.15,45,1,7.2,US,1614643500
122,westport,41.1415,-73.3579,277.59,41,1,8.23,US,1614643500
123,ishigaki,24.3448,124.1572,293.15,94,75,5.14,JP,1614643500
124,erzin,36.9559,36.2,282.59,42,0,5.81,TR,1614643500
125,nome,64.5011,-165.4064,257.15,55,90,4.63,US,1614643501
126,concepcion del uruguay,-32.4825,-58.2372,300.37,68,62,0.89,AR,1614643267
127,moron,-34.6534,-58.6198,298.71,71,0,2.24,AR,1614643499
128,pisco,-13.7,-76.2167,299.15,65,75,5.14,PE,1614643501
129,araouane,18.9048,-3.5265,296.96,17,6,4.45,ML,1614643502
130,cape town,-33.9258,18.4232,293.15,88,75,7.72,ZA,1614643437
131,vicuna,-30.0319,-70.7081,289.15,82,0,3.6,CL,1614643502
132,klaksvik,62.2266,-6.589,280.15,100,90,4.63,FO,1614643502
133,fairbanks,64.8378,-147.7164,259.82,85,90,1.25,US,1614643210
134,astoria,46.1879,-123.8313,283.15,81,75,5.14,US,1614643503
135,salinas,36.6777,-121.6555,292.15,45,1,5.14,US,1614643474
136,yichang,30.7144,111.2847,280.37,81,12,0.85,CN,1614643267
137,cucuta,7.8833,-72.5053,300.15,65,40,3.09,CO,1614643504
138,ovsyanka,55.9575,92.5519,255.15,85,100,2.0,RU,1614643504
139,yar-sale,66.8333,70.8333,252.55,88,100,8.51,RU,1614643504
140,safonovo,55.15,33.2167,275.06,93,100,4.81,RU,1614643505
141,frontera,26.9333,-101.45,288.3,47,100,6.3,MX,1614643505
142,mar del plata,-38.0023,-57.5575,296.15,78,0,4.12,AR,1614643365
143,esperance,-33.8667,121.9,292.15,77,75,6.17,AU,1614643505
144,oyem,1.5995,11.5793,293.53,96,79,1.71,GA,1614643506
145,vostok,46.4856,135.8833,255.1,88,20,1.46,RU,1614643506
146,elizabethtown,37.694,-85.8591,278.15,48,1,3.2,US,1614643506
147,ribeira grande,38.5167,-28.7,287.0,66,71,5.98,PT,1614643506
148,nanortalik,60.1432,-45.2371,268.56,83,0,2.08,GL,1614643507
149,hualmay,-11.0964,-77.6139,296.88,66,32,2.65,PE,1614643507
150,portland,45.5234,-122.6762,289.26,51,75,1.54,US,1614643354
151,agadez,19.75,10.25,293.09,22,97,3.9,NE,1614643507
152,kodiak,57.79,-152.4072,276.15,65,90,7.72,US,1614643508
153,barabai,-2.5833,115.3833,300.1,75,87,0.42,ID,1614643508
154,kavieng,-2.5744,150.7967,301.74,77,97,5.38,PG,1614643508
155,barrow,71.2906,-156.7887,245.15,63,1,4.12,US,1614643509
156,airai,-8.9266,125.4092,292.55,76,79,0.71,TL,1614643509
157,mehamn,71.0357,27.8492,271.15,93,90,13.89,NO,1614643509
158,yellowknife,62.456,-114.3525,254.26,46,75,4.12,CA,1614643225
159,zabol,32.25,67.25,277.6,35,40,0.79,AF,1614643510
160,basco,20.4487,121.9702,297.77,84,99,6.03,PH,1614643510
161,kahului,20.8947,-156.47,299.15,50,40,8.75,US,1614643510
162,tiksi,71.6872,128.8694,238.11,85,100,0.95,RU,1614643511
163,sao filipe,14.8961,-24.4956,293.06,76,33,4.27,CV,1614643511
164,bengkulu,-3.8004,102.2655,297.86,83,100,2.18,ID,1614643511
165,berlevag,70.8578,29.0864,271.15,93,90,13.89,NO,1614643511
166,kitimat,54.0524,-128.6534,276.48,80,95,1.34,CA,1614643433
167,lavrentiya,65.5833,-171.0,247.26,84,100,6.41,RU,1614643512
168,nizwa,22.9333,57.5333,289.36,69,0,0.52,OM,1614643512
169,saint-francois,46.4154,3.9054,278.71,87,0,0.51,FR,1614643512
170,katsuura,35.1333,140.3,290.93,94,75,3.6,JP,1614643513
171,torbay,47.6666,-52.7314,271.48,100,75,2.06,CA,1614643513
172,marsh harbour,26.5412,-77.0636,297.56,75,40,3.15,BS,1614643349
173,port blair,11.6667,92.75,296.77,68,0,2.37,IN,1614643513
174,dolores,-36.3132,-57.6792,293.81,90,82,4.72,AR,1614643514
175,guatire,10.4762,-66.5427,300.15,78,20,1.03,VE,1614643514
176,kindu,-2.95,25.95,295.81,87,98,1.21,CD,1614643514
177,alta floresta,-9.8756,-56.0861,294.1,99,96,1.94,BR,1614643515
178,ponta do sol,32.6667,-17.1,286.48,62,41,1.34,PT,1614643515
179,yulara,-25.2406,130.9889,302.15,20,19,2.57,AU,1614643515
180,ishinomaki,38.4167,141.3,286.15,76,75,6.17,JP,1614643270
181,tsiroanomandidy,-18.7667,46.0333,292.24,92,99,1.52,MG,1614643516
182,pevek,69.7008,170.3133,242.0,86,7,0.87,RU,1614643516
183,dawlatabad,36.4141,64.9053,286.8,28,98,1.68,AF,1614643516
184,cidreira,-30.1811,-50.2056,296.95,85,49,8.03,BR,1614643516
185,sars,56.5502,57.1366,253.67,93,98,4.81,RU,1614643517
186,kuytun,54.3419,101.5036,255.87,94,100,1.14,RU,1614643517
187,lebu,-37.6167,-73.65,289.75,86,18,9.37,CL,1614643517
188,shancheng,34.7953,116.0817,277.04,74,0,1.61,CN,1614643518
189,chokurdakh,70.6333,147.9167,240.22,94,0,2.44,RU,1614643518
190,lewisporte,49.2499,-55.0482,271.15,93,90,2.57,CA,1614643518
191,sokoni,-6.4333,39.55,299.96,82,100,3.49,TZ,1614643518
192,varadero,23.1536,-81.2514,297.15,88,20,3.09,CU,1614643519
193,alice springs,-23.7,133.8833,305.15,19,0,6.17,AU,1614643387
194,anantapur,14.6833,77.6,296.07,34,3,1.38,IN,1614643519
195,dubovka,49.0583,44.829,271.15,80,75,3.0,RU,1614643519
196,luderitz,-26.6481,15.1594,293.22,70,1,4.62,NA,1614643520
197,iki-burul,45.8208,44.6472,271.15,86,90,3.0,RU,1614643520
198,castro,-24.7911,-50.0119,290.43,95,76,2.24,BR,1614643263
199,upernavik,72.7868,-56.1549,253.18,75,93,4.67,GL,1614643521
200,maceio,-9.6658,-35.7353,296.15,94,75,3.09,BR,1614643521
201,ponerihouen,-21.0833,165.4,300.9,67,62,3.86,NC,1614643521
202,sistranda,63.7256,8.834,278.15,87,75,6.69,NO,1614643522
203,petropavlovsk-kamchatskiy,53.0452,158.6483,269.15,42,20,6.0,RU,1614643522
204,yairipok,24.6667,94.0667,284.96,60,13,0.63,IN,1614643523
205,port hardy,50.6996,-127.4199,280.15,87,75,2.57,CA,1614643523
206,salalah,17.0151,54.0924,295.15,43,0,2.57,OM,1614643523
207,geraldton,-28.7667,114.6,294.15,83,29,3.09,AU,1614643260
208,mahebourg,-20.4081,57.7,299.15,78,40,3.09,MU,1614643524
209,aklavik,68.2191,-135.0107,244.15,63,89,3.6,CA,1614643524
210,koster,-25.863,26.8976,286.13,59,0,2.74,ZA,1614643524
211,skeldon,5.8833,-57.1333,296.33,90,12,2.53,GY,1614643525
212,bay roberts,47.5999,-53.2648,272.59,89,67,0.89,CA,1614643525
213,ketchikan,55.3422,-131.6461,276.15,81,90,3.09,US,1614643525
214,lake havasu city,34.4839,-114.3224,293.15,6,1,2.06,US,1614643525
215,gat,31.61,34.7642,285.37,100,2,3.08,IL,1614643325
216,ugoofaaru,5.6667,73.0,301.06,65,32,4.62,MV,1614643526
217,morant bay,17.8815,-76.4093,300.15,78,20,8.23,JM,1614643526
218,la asuncion,11.0333,-63.8628,296.31,80,0,5.23,VE,1614643502
219,mount gambier,-37.8333,140.7667,288.15,51,90,7.2,AU,1614643526
220,turukhansk,65.8167,87.9833,238.44,84,33,3.77,RU,1614643527
221,sindor,62.8629,51.8905,269.01,98,100,2.86,RU,1614643527
222,santa cruz,-17.8,-63.1667,304.15,51,19,1.54,BO,1614643527
223,teya,60.3778,92.6267,240.91,82,8,0.91,RU,1614643527
224,dunedin,-45.8742,170.5036,290.93,85,26,10.28,NZ,1614643365
225,sao joao da barra,-21.6403,-41.0511,297.81,88,73,4.13,BR,1614643528
226,vyazemskiy,47.5378,134.7525,254.5,88,25,2.15,RU,1614643276
227,hirara,24.8,125.2833,293.15,94,75,7.72,JP,1614643528
228,galesong,-5.3166,119.3661,298.15,100,20,1.54,ID,1614643316
229,arrifes,37.7667,-25.7,284.15,82,75,1.03,PT,1614643529
230,lompoc,34.6391,-120.4579,293.15,15,1,3.09,US,1614643529
231,leningradskiy,69.3833,178.4167,245.39,85,98,1.83,RU,1614643530
232,byron bay,-28.65,153.6167,300.37,69,0,0.51,AU,1614643014
233,poopo,-18.3667,-66.9667,283.4,66,46,4.5,BO,1614643530
234,rietavas,55.7194,21.9311,276.15,93,20,2.57,LT,1614643531
235,buta,2.7858,24.73,295.38,34,3,0.37,CD,1614643531
236,alekseyevka,50.6309,38.6903,272.58,94,86,5.47,RU,1614643532
237,asfi,32.2994,-9.2372,287.65,82,0,2.24,MA,1614643532
238,vangaindrano,-23.35,47.6,297.38,85,100,0.26,MG,1614643532
239,avera,33.194,-82.5271,291.15,68,90,3.6,US,1614643532
240,naze,28.3667,129.4833,290.15,94,75,5.66,JP,1614643533
241,bathsheba,13.2167,-59.5167,298.15,61,20,7.2,BB,1614643533
242,flinders,-34.5833,150.8552,290.37,84,89,0.45,AU,1614643533
243,ngudu,-2.9667,33.3333,291.86,90,96,2.4,TZ,1614643444
244,saint-augustin,51.226,-58.6502,270.31,97,100,5.25,CA,1614643533
245,victoria,22.2855,114.1577,293.15,79,84,0.45,HK,1614643320
246,bam,29.106,58.357,287.13,36,11,0.99,IR,1614643534
247,longyearbyen,78.2186,15.6401,267.15,68,75,3.09,SJ,1614643534
248,orlik,52.5178,99.825,256.93,85,91,2.7,RU,1614643535
249,kloulklubed,7.0419,134.2556,301.15,78,75,4.12,PW,1614643535
250,paamiut,61.994,-49.6678,263.8,77,0,3.64,GL,1614643535
251,huarmey,-10.0681,-78.1522,297.01,70,39,2.78,PE,1614643536
252,isangel,-19.55,169.2667,302.15,74,40,2.57,VU,1614643536
253,corinto,37.9407,22.9573,283.71,58,11,0.45,GR,1614643536
254,porto belo,-27.1578,-48.5531,299.26,94,75,3.37,BR,1614643536
255,tuktoyaktuk,69.4541,-133.0374,240.15,75,75,6.69,CA,1614643537
256,portsmouth,50.799,-1.0913,278.15,89,0,4.66,GB,1614643265
257,boden,65.8252,21.6886,275.15,69,64,7.72,SE,1614643537
258,olafsvik,64.8945,-23.7142,277.53,75,100,5.46,IS,1614643538
259,dudinka,69.4058,86.1778,237.27,80,0,4.08,RU,1614643538
260,camocim,-2.9022,-40.8411,298.61,83,100,4.44,BR,1614643419
261,wajima,37.4,136.9,285.15,94,75,8.23,JP,1614643538
262,gogrial,8.5332,28.1004,297.86,17,1,3.81,SS,1614643539
263,koyelga,54.6522,60.9049,255.05,96,40,2.02,RU,1614643539
264,asau,46.4333,26.4,276.15,93,90,2.57,RO,1614643539
265,pandan,14.0453,124.1694,299.96,76,64,2.56,PH,1614643539
266,quatre cocos,-20.2078,57.7625,299.15,78,40,3.09,MU,1614643540
267,parainen,60.3067,22.301,277.15,70,0,4.63,FI,1614643540
268,ulety,51.3572,112.4849,251.38,86,93,0.83,RU,1614643541
269,jibuti,11.5,42.5,299.15,78,20,2.57,DJ,1614643541
270,acajutla,13.5928,-89.8275,306.15,19,0,2.57,SV,1614643349
271,alofi,-19.0595,-169.9187,303.15,70,75,3.6,NU,1614643541
272,kichera,55.9375,110.0997,250.9,96,100,2.25,RU,1614643541
273,nesebar,42.7833,27.7333,278.15,87,90,4.12,BG,1614643542
274,buraydah,26.326,43.975,286.15,76,0,2.06,SA,1614643542
275,sanchez,19.2281,-69.6137,295.17,81,16,3.04,DO,1614643542
276,passagem franca,-6.1797,-43.7836,295.47,98,99,0.96,BR,1614643542
277,nishihara,26.1842,127.7558,292.15,82,90,8.23,JP,1614643543
278,nakambala,-15.8324,27.7799,289.98,92,99,1.42,ZM,1614643543
279,damghan,36.1683,54.348,278.56,55,0,1.93,IR,1614643543
280,kaina,12.6374,8.5873,295.15,28,20,1.03,NG,1614643543
281,koumac,-20.5667,164.2833,301.96,61,69,2.11,NC,1614643544
282,puntarenas,9.9763,-84.8384,297.15,60,40,6.69,CR,1614643544
283,guerrero negro,27.9769,-114.0611,294.37,21,5,4.8,MX,1614643544
284,constitucion,-35.3333,-72.4167,289.23,87,3,0.78,CL,1614643544
285,sambava,-14.2667,50.1667,297.4,86,67,3.12,MG,1614643545
286,ostersund,63.1792,14.6357,274.15,93,20,8.75,SE,1614643545
287,mercedes,-34.6515,-59.4307,298.15,79,24,4.27,AR,1614643444
288,bucerias,20.75,-105.3333,297.15,78,1,5.66,MX,1614643331
289,luganville,-15.5333,167.1667,302.64,62,73,3.17,VU,1614643546
290,tura,25.5198,90.2201,291.38,27,0,1.43,IN,1614643546
291,borovoy,55.4333,86.0833,259.15,92,90,4.0,RU,1614643546
292,olgod,55.8068,8.6286,275.15,100,90,1.54,DK,1614643546
293,poum,-20.2333,164.0167,300.74,72,99,6.25,NC,1614643546
294,hambantota,6.1241,81.1185,295.84,76,0,4.47,LK,1614643547
295,cooma,-36.2333,149.1333,284.15,43,27,6.69,AU,1614643421
296,ahuimanu,21.4447,-157.8378,299.82,60,40,9.26,US,1614643547
297,norilsk,69.3535,88.2027,236.96,76,0,3.27,RU,1614643547
298,burriana,39.889,-0.085,285.93,80,99,0.89,ES,1614643548
299,road town,18.4167,-64.6167,298.15,69,40,8.75,VG,1614643548
300,montepuez,-13.1256,38.9997,293.41,98,99,1.15,MZ,1614643549
301,augusta,48.3667,10.8833,277.15,75,0,2.57,DE,1614643291
302,lisakovsk,52.5369,62.4936,257.44,94,77,2.42,KZ,1614643549
303,hasaki,35.7333,140.8333,289.82,94,75,6.69,JP,1614643550
304,tuatapere,-46.1333,167.6833,295.93,72,76,0.89,NZ,1614643550
305,meulaboh,4.1363,96.1285,297.53,88,28,1.42,ID,1614643550
306,axim,4.8699,-2.2405,299.3,87,69,3.19,GH,1614643551
307,praia,14.9215,-23.5087,292.15,72,20,7.72,CV,1614643551
308,richards bay,-28.783,32.0377,292.56,90,1,2.27,ZA,1614643551
309,bubaque,11.2833,-15.8333,298.13,67,1,8.39,GW,1614643552
310,kimbe,-5.5502,150.1429,300.18,83,99,3.17,PG,1614643552
311,lasa,46.6166,10.7002,278.15,74,0,2.57,IT,1614643552
312,pokhara,28.2333,83.9833,289.08,27,0,3.36,NP,1614643342
313,partur,19.6,76.2167,296.5,21,0,4.58,IN,1614643552
314,ayan,56.45,138.1667,250.89,74,100,4.33,RU,1614643553
315,okhotsk,59.3833,143.3,256.94,93,100,3.59,RU,1614643553
316,roald,62.5833,6.1333,279.15,100,90,6.69,NO,1614643553
317,nangong,37.3581,115.3744,274.02,90,0,4.02,CN,1614643553
318,tiarei,-17.5333,-149.3333,304.15,66,20,3.6,PF,1614643554
319,staroutkinsk,57.2302,59.3348,254.8,92,83,2.93,RU,1614643554
320,bakel,14.905,-12.4568,299.98,15,98,4.5,SN,1614643554
321,dingle,10.9995,122.6711,299.74,83,77,4.13,PH,1614643555
322,batemans bay,-35.7167,150.1833,292.04,40,96,2.68,AU,1614643555
323,tiznit,29.5833,-9.5,284.34,84,40,0.7,MA,1614643555
324,khatanga,71.9667,102.5,237.05,84,96,1.59,RU,1614643556
325,samarai,-10.6167,150.6667,301.6,75,99,4.94,PG,1614643556
326,abu kamal,34.4506,40.9171,286.6,56,31,2.63,SY,1614643556
327,andenes,69.3143,16.1194,275.15,69,90,6.17,NO,1614643556
328,santiago del estero,-27.7951,-64.2615,301.48,45,100,0.66,AR,1614643556
329,barreirinha,-2.7933,-57.07,295.89,97,100,1.0,BR,1614643557
330,mangrol,21.1167,70.1167,294.74,41,0,4.55,IN,1614643557
331,kamenka,51.3223,42.7678,267.04,92,89,5.47,RU,1614643557
332,cabo san lucas,22.8909,-109.9124,298.15,60,40,3.09,MX,1614643557
333,lorengau,-2.0226,147.2712,301.63,75,98,5.06,PG,1614643558
334,deputatskiy,69.3,139.9,239.12,87,86,0.18,RU,1614643558
335,uruzgan,32.8333,66.0,280.3,51,96,1.66,AF,1614643559
336,rio grande,-32.035,-52.0986,297.04,87,41,1.79,BR,1614643502
337,eyl,7.9803,49.8164,296.07,87,12,5.76,SO,1614643559
338,nikolskoye,59.7035,30.7861,276.15,75,0,5.0,RU,1614643559
339,staunton,38.1496,-79.0717,278.71,48,1,2.57,US,1614643559
340,iqaluit,63.7506,-68.5145,258.15,72,90,7.72,CA,1614643560
341,narsaq,60.9167,-46.05,267.15,53,0,1.54,GL,1614643560
342,kenai,60.5544,-151.2583,267.15,79,90,0.82,US,1614643561
343,harqalah,36.0303,10.509,286.48,87,75,3.09,TN,1614643561
344,parnarama,-5.6817,-43.0933,296.97,92,100,0.56,BR,1614643562
345,san isidro,-12.1167,-77.05,297.15,78,0,3.09,PE,1614643562
346,ahipara,-35.1667,173.1667,296.21,72,9,4.82,NZ,1614643562
347,havoysund,70.9963,24.6622,271.15,69,90,6.17,NO,1614643562
348,nieuwpoort,51.1244,2.7735,276.15,100,0,2.06,BE,1614643563
349,banda aceh,5.5577,95.3222,297.96,83,62,5.61,ID,1614643563
350,moncton,46.1159,-64.8019,274.26,100,90,2.57,CA,1614643022
351,villa union,23.2,-106.2333,296.15,56,75,7.72,MX,1614643564
352,leh,34.1667,77.5833,258.37,67,0,1.69,IN,1614643564
353,bugene,-1.5911,31.1403,288.64,89,34,1.49,TZ,1614643564
354,jiazi,22.8779,116.067,291.64,68,76,5.52,CN,1614643565
355,ponta delgada,37.7333,-25.6667,284.15,82,75,1.03,PT,1614643565
356,guapore,-28.8456,-51.8903,296.48,93,95,1.54,BR,1614643565
357,bundaberg,-24.85,152.35,301.15,69,99,3.09,AU,1614643565
358,san cristobal,7.7669,-72.225,300.15,65,40,3.09,VE,1614643566
359,kouango,4.9934,19.9619,296.73,26,0,0.68,CF,1614643566
360,kushima,31.4583,131.2333,288.15,82,75,8.23,JP,1614643566
361,voka,59.3997,27.5817,273.98,93,94,7.04,EE,1614643567
362,komsomolskiy,40.4272,71.7189,276.15,52,83,3.09,UZ,1614643567
363,sale,34.0389,-6.8166,286.48,100,40,2.95,MA,1614643567
364,den helder,52.9599,4.7593,277.15,93,90,5.66,NL,1614643567
365,cayenne,4.9333,-52.3333,298.15,88,75,1.54,GF,1614643568
366,navalcarnero,40.2891,-4.012,283.15,76,0,3.6,ES,1614643568
367,itainopolis,-7.4469,-41.4783,295.68,90,61,1.56,BR,1614643568
368,sibu,2.3,111.8167,296.15,94,20,1.03,MY,1614643569
369,barcelos,41.5388,-8.6151,286.15,82,75,4.12,PT,1614643517
370,dalaba,10.7,-12.25,292.92,34,58,0.22,GN,1614643569
371,fort collins,40.5853,-105.0844,282.15,23,1,1.54,US,1614643513
372,kewanee,41.2456,-89.9248,271.48,67,24,0.45,US,1614643570
373,lagoa,39.05,-27.9833,286.82,65,84,7.22,PT,1614643570
374,maloy,61.9353,5.1136,279.82,100,90,8.75,NO,1614643570
375,vabalninkas,55.9667,24.75,274.14,93,56,3.61,LT,1614643571
376,san ignacio,17.1561,-89.0714,306.15,35,0,4.12,BZ,1614643571
377,the valley,18.217,-63.0578,299.15,64,40,5.14,AI,1614643411
378,puerto narino,-3.7703,-70.3831,298.15,100,0,0.59,CO,1614643571
379,yatou,37.15,122.3833,274.05,82,0,7.39,CN,1614643572
380,abha,18.2164,42.5053,287.15,87,0,1.54,SA,1614643572
381,vestmannaeyjar,63.4427,-20.2734,277.3,84,100,6.82,IS,1614643572
382,bandarbeyla,9.4942,50.8122,297.39,83,28,5.27,SO,1614643573
383,seoul,37.5683,126.9778,274.15,80,75,2.57,KR,1614643428
384,tulun,54.5611,100.5792,255.9,93,100,0.92,RU,1614643573
385,shieli,44.1667,66.75,274.06,86,17,3.43,KZ,1614643573
386,emerald,-23.5333,148.1667,303.71,58,100,2.57,AU,1614643573
387,cap malheureux,-19.9842,57.6142,297.59,78,3,2.24,MU,1614643574
388,saint george,37.1041,-113.5841,289.82,10,1,4.12,US,1614643574
389,paramonga,-10.6667,-77.8333,296.46,69,42,2.55,PE,1614643574
390,nouadhibou,20.931,-17.0347,291.15,72,0,9.26,MR,1614643574
391,bara,10.3744,10.7288,299.6,16,23,4.72,NG,1614643575
392,havre-saint-pierre,50.2334,-63.5986,271.15,93,90,8.23,CA,1614643575
393,strezhevoy,60.7333,77.5889,247.15,76,0,3.0,RU,1614643575
394,mwense,-10.3845,28.698,293.06,90,100,1.01,ZM,1614643576
395,silver city,32.7701,-108.2803,283.15,23,1,6.69,US,1614643576
396,touros,-5.1989,-35.4608,297.15,94,75,2.57,BR,1614643576
397,ibra,22.6906,58.5334,289.51,67,0,1.2,OM,1614643576
398,caldas novas,-17.7417,-48.625,293.54,92,65,2.64,BR,1614643577
399,oyama,36.3,139.8,291.48,94,75,3.6,JP,1614643577
400,taunggyi,20.7833,97.0333,285.33,43,0,1.32,MM,1614643401
401,cockburn town,21.4612,-71.1419,297.72,72,30,8.82,TC,1614643298
402,kieta,-6.2167,155.6333,301.99,75,98,4.65,PG,1614643577
403,shingu,33.7333,135.9833,290.15,94,75,8.75,JP,1614643521
404,laguna,38.421,-121.4238,294.26,21,1,0.29,US,1614643578
405,kendari,-3.945,122.4989,298.62,86,99,1.17,ID,1614643578
406,pierre,44.3683,-100.351,272.15,74,1,5.14,US,1614643578
407,grindavik,63.8424,-22.4338,276.15,81,90,3.09,IS,1614643579
408,svetlyy,54.675,20.1347,276.15,93,90,8.0,RU,1614643579
409,maragogi,-9.0122,-35.2225,298.68,83,83,5.16,BR,1614643579
410,saint-leu,-21.15,55.2833,297.15,57,0,3.6,RE,1614643580
411,cholet,47.1667,-1.0,278.15,85,0,3.35,FR,1614643580
412,sangamner,19.5667,74.2167,295.23,24,0,2.33,IN,1614643580
413,normandin,48.8333,-72.5321,260.15,66,100,8.75,CA,1614643581
414,iralaya,15.0,-83.2333,298.15,94,75,7.2,HN,1614643581
415,vila franca do campo,37.7167,-25.4333,284.15,82,75,1.03,PT,1614643581
416,susangerd,31.5608,48.1831,284.15,82,0,1.03,IR,1614643582
417,hanna,51.6334,-111.9018,279.82,53,95,8.05,CA,1614643582
418,calafell,41.2,1.5683,286.48,100,100,0.89,ES,1614643582
419,sioux lookout,50.1001,-91.917,259.15,33,75,3.6,CA,1614643582
420,saint anthony,45.0205,-93.218,269.15,42,1,2.57,US,1614643583
421,malanje,-9.5402,16.341,291.41,94,82,1.3,AO,1614643583
422,baykalsk,51.5058,104.1469,260.73,89,86,0.86,RU,1614643583
423,riyadh,24.6877,46.7219,289.15,41,0,2.06,SA,1614643305
424,san felipe,10.3399,-68.7425,293.9,88,64,3.26,VE,1614643584
425,bereda,43.2686,-7.5406,283.71,60,32,1.66,ES,1614643584
426,korla,41.7597,86.1469,271.35,75,0,2.07,CN,1614643584
427,labuan,5.2767,115.2417,298.15,94,20,2.69,MY,1614643584
428,taboga,46.2663,13.1092,282.59,63,0,2.69,IT,1614643585
429,carora,10.1755,-70.0827,297.0,57,42,5.8,VE,1614643585
430,taoudenni,22.6783,-3.9836,293.01,23,0,4.29,ML,1614643585
431,gari,59.4307,62.3497,254.58,92,57,4.69,RU,1614643586
432,weston,26.1004,-80.3998,299.26,78,1,4.12,US,1614643586
433,mwinilunga,-11.7358,24.4293,289.77,97,100,1.86,ZM,1614643586
434,zapolyarnyy,69.4154,30.8136,270.15,74,20,10.29,RU,1614643586
435,amapa,1.0,-52.0,295.51,98,100,1.81,BR,1614643586
436,raudeberg,61.9875,5.1352,279.82,96,100,7.08,NO,1614643587
437,itoman,26.1247,127.6694,292.15,88,75,10.8,JP,1614643587
438,tabuk,17.4189,121.4443,297.57,80,2,0.18,PH,1614643587
439,umm kaddadah,13.6017,26.6876,291.85,13,0,7.05,SD,1614643588
440,lazaro cardenas,17.9583,-102.2,298.29,69,2,1.58,MX,1614643448
441,jizan,17.3333,42.6667,299.15,73,0,1.54,SA,1614643383
442,omsukchan,62.5333,155.8,242.53,80,100,1.52,RU,1614643588
443,mandalgovi,45.7625,106.2708,264.77,72,0,5.54,MN,1614643589
444,hermiston,45.8404,-119.2895,291.15,27,1,2.06,US,1614643589
445,stornoway,58.2093,-6.3865,274.15,93,9,0.51,GB,1614643589
446,tshikapa,-6.4167,20.8,295.74,91,100,2.07,CD,1614643589
447,outjo,-20.1167,16.15,292.05,65,3,4.93,NA,1614643590
448,pavlivka,49.4414,28.4596,273.22,97,52,3.34,UA,1614643590
449,salinopolis,-0.6136,-47.3561,297.92,86,98,1.93,BR,1614643590
450,kaligutan,7.7031,125.8131,298.15,88,40,2.06,PH,1614643591
451,myitkyina,25.3833,97.4,290.6,72,79,0.85,MM,1614643591
452,zhuhai,22.2769,113.5678,291.15,72,20,9.77,CN,1614643591
453,verkhoyansk,67.5447,133.385,238.31,96,93,0.74,RU,1614643592
454,wanning,18.8003,110.3967,295.79,90,51,3.14,CN,1614643592
455,simbahan,6.3032,120.5836,301.26,78,84,5.74,PH,1614643592
456,tucuma,-0.1833,-50.05,297.44,89,100,2.05,BR,1614643593
457,somotillo,13.0433,-86.9064,305.15,55,75,7.72,NI,1614643593
458,burnie,-41.0667,145.9167,289.26,39,7,9.83,AU,1614643593
459,port macquarie,-31.4333,152.9167,299.26,62,14,0.89,AU,1614643516
460,poronaysk,49.2167,143.1167,257.66,88,100,2.83,RU,1614643594
461,icatu,-2.7758,-44.0658,299.15,94,40,1.03,BR,1614643594
462,zhovtneve,50.6637,24.2492,273.48,96,15,4.35,UA,1614643594
463,djambala,-2.5447,14.7533,295.14,88,81,1.7,CG,1614643595
464,lac du bonnet,50.2536,-96.0612,262.04,100,93,3.58,CA,1614643595
465,flin flon,54.7682,-101.865,259.15,72,90,3.6,CA,1614643484
466,kavaratti,10.5669,72.642,300.47,71,0,2.32,IN,1614643595
467,codrington,-38.2667,141.9667,287.52,54,100,5.53,AU,1614643596
468,sung noen,14.8992,101.8207,302.59,79,81,1.94,TH,1614643596
469,bonfim,3.0833,-59.95,302.92,44,84,3.84,BR,1614643596
470,gongzhuling,43.5008,124.8198,261.81,57,0,1.66,CN,1614643596
471,ostrovnoy,68.0531,39.5131,269.64,97,98,6.94,RU,1614643597
472,tutoia,-2.7619,-42.2744,299.2,88,100,4.43,BR,1614643597
473,anzio,41.4853,12.6179,282.59,87,0,1.54,IT,1614643597
474,binzhou,37.3667,118.0167,272.59,85,0,1.81,CN,1614643597
475,mill valley,37.906,-122.545,290.37,31,0,1.34,US,1614643598
476,waingapu,-9.6567,120.2641,300.03,73,54,1.09,ID,1614643598
477,rorvik,64.8621,11.2373,278.43,71,98,10.66,NO,1614643598
478,hami,42.8,93.45,271.34,50,0,0.34,CN,1614643599
479,charters towers,-20.1,146.2667,300.27,65,100,7.95,AU,1614643599
480,penzance,50.1186,-5.5371,281.15,93,75,7.2,GB,1614643599
481,caravelas,-17.7125,-39.2481,297.63,86,38,3.26,BR,1614643600
482,miyako,39.6367,141.9525,286.0,84,100,8.05,JP,1614643600
483,qaqortoq,60.7167,-46.0333,267.15,53,0,1.54,GL,1614643600
484,tefe,-3.3542,-64.7114,297.15,94,75,1.54,BR,1614643502
485,adre,13.4667,22.2,293.58,12,27,9.18,TD,1614643600
486,santo angelo,-28.2992,-54.2631,295.05,90,14,2.95,BR,1614643368
487,rocha,-34.4833,-54.3333,292.84,95,65,3.34,UY,1614643466
488,batagay-alyta,67.8006,130.4114,240.24,84,97,0.25,RU,1614643601
489,lampa,-33.2833,-70.9,297.59,60,75,3.6,CL,1614643601
490,padang,-0.9492,100.3543,298.15,94,75,0.51,ID,1614643524
491,bad ischl,47.7111,13.6189,274.82,84,0,3.13,AT,1614643602
492,qandala,11.472,49.8728,298.16,51,0,2.37,SO,1614643602
493,quelimane,-17.8786,36.8883,296.4,96,93,3.22,MZ,1614643602
494,husavik,66.0449,-17.3389,278.15,52,75,2.57,IS,1614643602
495,birin,26.8865,88.0718,283.71,50,0,2.05,NP,1614643602
496,nanakuli,21.3906,-158.1547,300.15,44,1,6.69,US,1614643603
497,broken hill,-31.95,141.4333,291.15,48,39,8.23,AU,1614643603
498,el carrizo,24.0261,-106.8814,295.93,68,72,1.79,MX,1614643603
499,tapes,-30.6733,-51.3958,297.0,82,13,7.28,BR,1614643603
500,pacocha,-17.5833,-71.3333,296.15,73,0,3.09,PE,1614643604
501,imeni poliny osipenko,52.4201,136.4853,247.32,80,0,2.19,RU,1614643604
502,bashmakovo,53.2133,43.0342,270.34,98,85,7.46,RU,1614643604
503,calabozo,8.9242,-67.4293,300.7,41,32,5.49,VE,1614643604
504,mitsamiouli,-11.3847,43.2844,301.05,79,50,3.55,KM,1614643605
505,natal,-5.795,-35.2094,298.15,94,75,2.06,BR,1614643605
506,sept-iles,50.2001,-66.3821,271.48,100,90,8.23,CA,1614643502
507,wabana,47.6332,-52.9481,270.37,96,52,2.63,CA,1614643605
508,batagay,67.6333,134.6333,237.67,81,78,0.41,RU,1614643606
509,cimarron hills,38.8586,-104.6989,279.15,24,1,5.66,US,1614643488
510,pangai,-19.8,-174.35,299.15,83,75,3.09,TO,1614643606
511,elko,41.0002,-115.5012,284.15,25,1,4.12,US,1614643607
512,fort nelson,58.8053,-122.7002,255.15,65,75,1.03,CA,1614643607
513,itarema,-2.9248,-39.9167,299.19,79,99,5.13,BR,1614643607
514,antofagasta,-23.65,-70.4,294.15,73,0,3.09,CL,1614643607
515,deder,9.3167,41.45,287.74,50,26,2.52,ET,1614643608
516,curvelo,-18.7564,-44.4308,293.2,89,95,2.77,BR,1614643608
517,bad hofgastein,47.1667,13.1,272.04,81,0,0.45,AT,1614643608
518,hofn,64.2539,-15.2082,277.77,68,100,4.21,IS,1614643608
519,kaeo,-35.1,173.7833,299.82,64,1,2.68,NZ,1614643609
520,teknaf,20.8624,92.3058,292.45,86,2,1.54,BD,1614643609
521,gainesville,29.6516,-82.3248,299.15,65,1,6.17,US,1614642904
522,aksu,41.1231,80.2644,270.74,92,0,0.81,CN,1614643609
523,bunia,1.5667,30.25,297.1,40,79,1.69,CD,1614643609
524,itaituba,-4.2761,-55.9836,295.86,98,100,0.86,BR,1614643609
525,fort smith,35.3859,-94.3986,286.15,30,1,2.57,US,1614643319
526,tagusao,9.1924,117.8141,299.84,76,52,1.86,PH,1614643610
527,mitikas,38.6699,20.9466,283.15,76,20,2.74,GR,1614643610
528,luwuk,-0.9516,122.7875,300.76,81,97,0.98,ID,1614643611
529,los llanos de aridane,28.6585,-17.9182,290.15,63,75,4.12,ES,1614643611
530,unguia,8.0434,-77.0945,299.03,78,95,2.52,CO,1614643611
531,caledon,-34.23,19.4265,291.48,84,37,1.03,ZA,1614643325
532,ipixuna,-1.7625,-48.8043,295.15,100,0,1.54,BR,1614643612
533,awjilah,29.1081,21.2869,286.18,64,0,4.05,LY,1614643612
534,santa isabel do rio negro,-0.4139,-65.0192,295.09,98,100,0.43,BR,1614643613
535,kurikka,62.6167,22.4167,276.15,70,0,5.66,FI,1614643613
536,matara,5.9485,80.5353,295.69,85,0,3.23,LK,1614643613
537,russell,32.3502,-85.1999,290.15,67,90,2.06,US,1614643613
538,hobyo,5.3505,48.5268,298.82,72,50,8.08,SO,1614643614
539,saldanha,-33.0117,17.9442,290.15,94,0,3.6,ZA,1614643614
540,san quintin,30.4833,-115.95,290.67,40,0,5.37,MX,1614643614
541,kano,12.0001,8.5167,295.15,28,48,1.03,NG,1614643614
542,navirai,-23.065,-54.1906,294.72,94,15,2.62,BR,1614643521
543,kismayo,-0.3582,42.5454,298.04,86,0,7.39,SO,1614643558
544,tatarskaya kargala,51.9495,55.1731,247.15,84,0,2.0,RU,1614643615
545,pangnirtung,66.1451,-65.7125,255.15,60,90,6.69,CA,1614643615
546,diffa,13.3154,12.6113,297.07,19,6,6.03,NE,1614643615
547,ust-maya,60.4167,134.5333,245.15,95,100,2.4,RU,1614643615
548,ventnor city,39.3404,-74.4774,279.82,49,1,9.26,US,1614643616
549,chabahar,25.2919,60.643,293.48,61,0,3.37,IR,1614643616
550,barranca,-10.75,-77.7667,296.21,70,45,1.96,PE,1614643616
551,sobolevo,54.4299,31.8996,275.04,94,100,6.05,RU,1614643617
552,raton,36.9034,-104.4391,280.15,10,1,5.14,US,1614643617
553,lamu,-2.2717,40.902,297.63,87,0,4.51,KE,1614643617
554,nanchang,28.6833,115.8833,281.5,80,82,4.77,CN,1614643618
555,krasnyy yar,46.5331,48.3456,273.15,93,75,4.0,RU,1614643618
